--
-- PostgreSQL database dump
--

-- Dumped from database version 14.10
-- Dumped by pg_dump version 14.10

SET statement_timeout = 0;
SET lock_timeout = 0;
SET idle_in_transaction_session_timeout = 0;
SET client_encoding = 'UTF8';
SET standard_conforming_strings = on;
SELECT pg_catalog.set_config('search_path', '', false);
SET check_function_bodies = false;
SET xmloption = content;
SET client_min_messages = warning;
SET row_security = off;

SET default_tablespace = '';

SET default_table_access_method = heap;

--
-- Name: personne; Type: TABLE; Schema: public; Owner: testeval
--

CREATE TABLE public.personne (
    id bigint NOT NULL,
    name character varying(250) NOT NULL,
    age integer NOT NULL
);


ALTER TABLE public.personne OWNER TO testeval;

--
-- Name: personne_id_seq; Type: SEQUENCE; Schema: public; Owner: testeval
--

CREATE SEQUENCE public.personne_id_seq
    START WITH 1
    INCREMENT BY 1
    NO MINVALUE
    NO MAXVALUE
    CACHE 1;


ALTER TABLE public.personne_id_seq OWNER TO testeval;

--
-- Name: personne_id_seq; Type: SEQUENCE OWNED BY; Schema: public; Owner: testeval
--

ALTER SEQUENCE public.personne_id_seq OWNED BY public.personne.id;


--
-- Name: spring_session; Type: TABLE; Schema: public; Owner: testeval
--

CREATE TABLE public.spring_session (
    primary_id character(36) NOT NULL,
    session_id character(36) NOT NULL,
    creation_time bigint NOT NULL,
    last_access_time bigint NOT NULL,
    max_inactive_interval integer NOT NULL,
    expiry_time bigint NOT NULL,
    principal_name character varying(100)
);


ALTER TABLE public.spring_session OWNER TO testeval;

--
-- Name: spring_session_attributes; Type: TABLE; Schema: public; Owner: testeval
--

CREATE TABLE public.spring_session_attributes (
    session_primary_id character(36) NOT NULL,
    attribute_name character varying(200) NOT NULL,
    attribute_bytes bytea NOT NULL
);


ALTER TABLE public.spring_session_attributes OWNER TO testeval;

--
-- Name: users; Type: TABLE; Schema: public; Owner: testeval
--

CREATE TABLE public.users (
    id bigint NOT NULL,
    firstname character varying(250) NOT NULL,
    username character varying(250) NOT NULL,
    mail character varying(250) NOT NULL,
    password character varying(250) NOT NULL
);


ALTER TABLE public.users OWNER TO testeval;

--
-- Name: users_id_seq; Type: SEQUENCE; Schema: public; Owner: testeval
--

CREATE SEQUENCE public.users_id_seq
    START WITH 1
    INCREMENT BY 1
    NO MINVALUE
    NO MAXVALUE
    CACHE 1;


ALTER TABLE public.users_id_seq OWNER TO testeval;

--
-- Name: users_id_seq; Type: SEQUENCE OWNED BY; Schema: public; Owner: testeval
--

ALTER SEQUENCE public.users_id_seq OWNED BY public.users.id;


--
-- Name: personne id; Type: DEFAULT; Schema: public; Owner: testeval
--

ALTER TABLE ONLY public.personne ALTER COLUMN id SET DEFAULT nextval('public.personne_id_seq'::regclass);


--
-- Name: users id; Type: DEFAULT; Schema: public; Owner: testeval
--

ALTER TABLE ONLY public.users ALTER COLUMN id SET DEFAULT nextval('public.users_id_seq'::regclass);


--
-- Data for Name: personne; Type: TABLE DATA; Schema: public; Owner: testeval
--

COPY public.personne (id, name, age) FROM stdin;
1	Jean	12
2	Bera	13
\.


--
-- Data for Name: spring_session; Type: TABLE DATA; Schema: public; Owner: testeval
--

COPY public.spring_session (primary_id, session_id, creation_time, last_access_time, max_inactive_interval, expiry_time, principal_name) FROM stdin;
3b873c1f-184e-40e4-9be4-57694f6e9b2c	3d544e31-c071-4cc0-a321-0cf66fcd9f66	1716282522370	1716282522371	1800	1716284322371	\N
a0801fa0-7eba-420c-ae19-a89207831ece	90fac559-8db7-4878-a06f-602b0305c8a5	1716282522494	1716282522495	1800	1716284322495	\N
408d550d-7289-4c78-88a8-1e656d72d5d3	244417be-2e6f-4a6e-9e61-bfe19ca0ee27	1716282524666	1716282524666	1800	1716284324666	\N
1a10043a-a129-4384-9ffe-a487c7d6b5db	a7c63900-2d29-4164-87fe-f91775729594	1716282524688	1716282524688	1800	1716284324688	\N
c33763e0-c4d4-4d93-af7b-9125689d310c	4047fdc4-b8fe-4c43-baf9-b7bd5a1c5b97	1716282525588	1716282525588	1800	1716284325588	\N
674de4fd-3567-4393-829b-25007bf5c9da	749e0ae3-07c3-4600-8cf4-8a38f61a92c0	1716282525608	1716282525608	1800	1716284325608	\N
c235c265-8d59-4902-9097-46f71d22672a	8bfbe5f9-852a-4ed5-891c-a1c07b57d1bf	1716282526778	1716282526778	1800	1716284326778	\N
79f37855-e81d-4f3c-934e-596d966220c7	3dacf391-3ea8-4daf-85d0-a9693889c61e	1716282526796	1716282526796	1800	1716284326796	\N
4316af86-2ddc-44e6-ae49-b10688d39af8	822b8d6d-68f3-4123-9f5a-befc17cf6283	1716282526950	1716282526950	1800	1716284326950	\N
3630119c-9c6a-43d1-9bb3-b56193c8d423	81960dfc-dc27-478d-8efd-432f745e84ac	1716282526969	1716282526969	1800	1716284326969	\N
\.


--
-- Data for Name: spring_session_attributes; Type: TABLE DATA; Schema: public; Owner: testeval
--

COPY public.spring_session_attributes (session_primary_id, attribute_name, attribute_bytes) FROM stdin;
3b873c1f-184e-40e4-9be4-57694f6e9b2c	org.springframework.security.web.csrf.HttpSessionCsrfTokenRepository.CSRF_TOKEN	\\xaced0005737200366f72672e737072696e676672616d65776f726b2e73656375726974792e7765622e637372662e44656661756c7443737266546f6b656e5aefb7c82fa2fbd50200034c000a6865616465724e616d657400124c6a6176612f6c616e672f537472696e673b4c000d706172616d657465724e616d6571007e00014c0005746f6b656e71007e0001787074000c582d435352462d544f4b454e7400055f6373726674002436383962666336362d663064302d343335622d623564322d303066306462373637386664
a0801fa0-7eba-420c-ae19-a89207831ece	org.springframework.security.web.csrf.HttpSessionCsrfTokenRepository.CSRF_TOKEN	\\xaced0005737200366f72672e737072696e676672616d65776f726b2e73656375726974792e7765622e637372662e44656661756c7443737266546f6b656e5aefb7c82fa2fbd50200034c000a6865616465724e616d657400124c6a6176612f6c616e672f537472696e673b4c000d706172616d657465724e616d6571007e00014c0005746f6b656e71007e0001787074000c582d435352462d544f4b454e7400055f6373726674002432346363333937652d616465342d346130322d393662312d343262323832613034346230
408d550d-7289-4c78-88a8-1e656d72d5d3	org.springframework.security.web.csrf.HttpSessionCsrfTokenRepository.CSRF_TOKEN	\\xaced0005737200366f72672e737072696e676672616d65776f726b2e73656375726974792e7765622e637372662e44656661756c7443737266546f6b656e5aefb7c82fa2fbd50200034c000a6865616465724e616d657400124c6a6176612f6c616e672f537472696e673b4c000d706172616d657465724e616d6571007e00014c0005746f6b656e71007e0001787074000c582d435352462d544f4b454e7400055f6373726674002466656630623533322d373131382d343032332d613034342d323964646431323361666435
1a10043a-a129-4384-9ffe-a487c7d6b5db	org.springframework.security.web.csrf.HttpSessionCsrfTokenRepository.CSRF_TOKEN	\\xaced0005737200366f72672e737072696e676672616d65776f726b2e73656375726974792e7765622e637372662e44656661756c7443737266546f6b656e5aefb7c82fa2fbd50200034c000a6865616465724e616d657400124c6a6176612f6c616e672f537472696e673b4c000d706172616d657465724e616d6571007e00014c0005746f6b656e71007e0001787074000c582d435352462d544f4b454e7400055f6373726674002465333732313439332d303734342d343130612d386466372d333265363861393066346132
c33763e0-c4d4-4d93-af7b-9125689d310c	org.springframework.security.web.csrf.HttpSessionCsrfTokenRepository.CSRF_TOKEN	\\xaced0005737200366f72672e737072696e676672616d65776f726b2e73656375726974792e7765622e637372662e44656661756c7443737266546f6b656e5aefb7c82fa2fbd50200034c000a6865616465724e616d657400124c6a6176612f6c616e672f537472696e673b4c000d706172616d657465724e616d6571007e00014c0005746f6b656e71007e0001787074000c582d435352462d544f4b454e7400055f6373726674002430643764636363362d366334622d346435302d616236352d656330363939633634366261
674de4fd-3567-4393-829b-25007bf5c9da	org.springframework.security.web.csrf.HttpSessionCsrfTokenRepository.CSRF_TOKEN	\\xaced0005737200366f72672e737072696e676672616d65776f726b2e73656375726974792e7765622e637372662e44656661756c7443737266546f6b656e5aefb7c82fa2fbd50200034c000a6865616465724e616d657400124c6a6176612f6c616e672f537472696e673b4c000d706172616d657465724e616d6571007e00014c0005746f6b656e71007e0001787074000c582d435352462d544f4b454e7400055f6373726674002437326532636464302d623062362d343462332d383533302d383738656639323139663132
c235c265-8d59-4902-9097-46f71d22672a	org.springframework.security.web.csrf.HttpSessionCsrfTokenRepository.CSRF_TOKEN	\\xaced0005737200366f72672e737072696e676672616d65776f726b2e73656375726974792e7765622e637372662e44656661756c7443737266546f6b656e5aefb7c82fa2fbd50200034c000a6865616465724e616d657400124c6a6176612f6c616e672f537472696e673b4c000d706172616d657465724e616d6571007e00014c0005746f6b656e71007e0001787074000c582d435352462d544f4b454e7400055f6373726674002432623433353464372d653130362d343130382d383335372d653566336231666331353731
79f37855-e81d-4f3c-934e-596d966220c7	org.springframework.security.web.csrf.HttpSessionCsrfTokenRepository.CSRF_TOKEN	\\xaced0005737200366f72672e737072696e676672616d65776f726b2e73656375726974792e7765622e637372662e44656661756c7443737266546f6b656e5aefb7c82fa2fbd50200034c000a6865616465724e616d657400124c6a6176612f6c616e672f537472696e673b4c000d706172616d657465724e616d6571007e00014c0005746f6b656e71007e0001787074000c582d435352462d544f4b454e7400055f6373726674002432373535666162342d343139332d343638322d623633662d636532396438326539613836
4316af86-2ddc-44e6-ae49-b10688d39af8	org.springframework.security.web.csrf.HttpSessionCsrfTokenRepository.CSRF_TOKEN	\\xaced0005737200366f72672e737072696e676672616d65776f726b2e73656375726974792e7765622e637372662e44656661756c7443737266546f6b656e5aefb7c82fa2fbd50200034c000a6865616465724e616d657400124c6a6176612f6c616e672f537472696e673b4c000d706172616d657465724e616d6571007e00014c0005746f6b656e71007e0001787074000c582d435352462d544f4b454e7400055f6373726674002432303338663665352d663636312d343864642d393137392d356664393036393661383165
3630119c-9c6a-43d1-9bb3-b56193c8d423	org.springframework.security.web.csrf.HttpSessionCsrfTokenRepository.CSRF_TOKEN	\\xaced0005737200366f72672e737072696e676672616d65776f726b2e73656375726974792e7765622e637372662e44656661756c7443737266546f6b656e5aefb7c82fa2fbd50200034c000a6865616465724e616d657400124c6a6176612f6c616e672f537472696e673b4c000d706172616d657465724e616d6571007e00014c0005746f6b656e71007e0001787074000c582d435352462d544f4b454e7400055f6373726674002435376664376161622d376132622d346161312d383630302d313736333530353230666163
\.


--
-- Data for Name: users; Type: TABLE DATA; Schema: public; Owner: testeval
--

COPY public.users (id, firstname, username, mail, password) FROM stdin;
\.


--
-- Name: personne_id_seq; Type: SEQUENCE SET; Schema: public; Owner: testeval
--

SELECT pg_catalog.setval('public.personne_id_seq', 2, true);


--
-- Name: users_id_seq; Type: SEQUENCE SET; Schema: public; Owner: testeval
--

SELECT pg_catalog.setval('public.users_id_seq', 1, false);


--
-- Name: personne personne_pkey; Type: CONSTRAINT; Schema: public; Owner: testeval
--

ALTER TABLE ONLY public.personne
    ADD CONSTRAINT personne_pkey PRIMARY KEY (id);


--
-- Name: spring_session_attributes spring_session_attributes_pk; Type: CONSTRAINT; Schema: public; Owner: testeval
--

ALTER TABLE ONLY public.spring_session_attributes
    ADD CONSTRAINT spring_session_attributes_pk PRIMARY KEY (session_primary_id, attribute_name);


--
-- Name: spring_session spring_session_pk; Type: CONSTRAINT; Schema: public; Owner: testeval
--

ALTER TABLE ONLY public.spring_session
    ADD CONSTRAINT spring_session_pk PRIMARY KEY (primary_id);


--
-- Name: users users_pkey; Type: CONSTRAINT; Schema: public; Owner: testeval
--

ALTER TABLE ONLY public.users
    ADD CONSTRAINT users_pkey PRIMARY KEY (id);


--
-- Name: spring_session_ix1; Type: INDEX; Schema: public; Owner: testeval
--

CREATE UNIQUE INDEX spring_session_ix1 ON public.spring_session USING btree (session_id);


--
-- Name: spring_session_ix2; Type: INDEX; Schema: public; Owner: testeval
--

CREATE INDEX spring_session_ix2 ON public.spring_session USING btree (expiry_time);


--
-- Name: spring_session_ix3; Type: INDEX; Schema: public; Owner: testeval
--

CREATE INDEX spring_session_ix3 ON public.spring_session USING btree (principal_name);


--
-- Name: spring_session_attributes spring_session_attributes_fk; Type: FK CONSTRAINT; Schema: public; Owner: testeval
--

ALTER TABLE ONLY public.spring_session_attributes
    ADD CONSTRAINT spring_session_attributes_fk FOREIGN KEY (session_primary_id) REFERENCES public.spring_session(primary_id) ON DELETE CASCADE;


--
-- PostgreSQL database dump complete
--

